Rota_ID,Ve√≠culo,Rota,Pedidos_Entregues,Custo_Total_R$,Tempo_Total_h,Tempo_Total_dias
1,1,"[0, 12, 11, 10, 8, 7, 6, 5]","['P0008', 'P0007', 'P0006', 'P0004', 'P0003', 'P0002', 'P0001']",53510.89,136.34,0.25
2,2,"[0, 25, 24, 23, 22, 21, 20, 19, 18, 17, 16, 15, 14, 13]","['P0021', 'P0020', 'P0019', 'P0018', 'P0017', 'P0016', 'P0015', 'P0014', 'P0013', 'P0012', 'P0011', 'P0010', 'P0009']",131001.16,168.45,0.31
3,3,"[0, 60, 59, 58, 57, 54, 52, 51, 50, 48, 47, 46, 45, 43, 42, 41, 40, 39, 38, 37, 36, 35, 34, 33, 32, 31, 30, 28, 27, 26]","['P0056', 'P0055', 'P0054', 'P0053', 'P0050', 'P0048', 'P0047', 'P0046', 'P0044', 'P0043', 'P0042', 'P0041', 'P0039', 'P0038', 'P0037', 'P0036', 'P0035', 'P0034', 'P0033', 'P0032', 'P0031', 'P0030', 'P0029', 'P0028', 'P0027', 'P0026', 'P0024', 'P0023', 'P0022']",200985.69,319.97,0.59
4,4,"[0, 66, 65, 64, 63, 62, 61, 49, 44, 29]","['P0062', 'P0061', 'P0060', 'P0059', 'P0058', 'P0057', 'P0045', 'P0040', 'P0025']",39202.55,96.49,0.18
5,5,"[0, 90, 88, 87, 85, 84, 83, 82, 81, 78, 77, 76, 75, 74, 73, 72, 71, 70, 69, 67, 53]","['P0086', 'P0084', 'P0083', 'P0081', 'P0080', 'P0079', 'P0078', 'P0077', 'P0074', 'P0073', 'P0072', 'P0071', 'P0070', 'P0069', 'P0068', 'P0067', 'P0066', 'P0065', 'P0063', 'P0049']",122910.93,257.9,0.48
6,6,"[0, 114, 113, 112, 111, 109, 108, 107, 106, 105, 104, 103, 102, 101, 100, 99, 98, 97, 96, 95, 94, 93, 92, 91, 89, 86, 80, 79, 56, 9]","['P0110', 'P0109', 'P0108', 'P0107', 'P0105', 'P0104', 'P0103', 'P0102', 'P0101', 'P0100', 'P0099', 'P0098', 'P0097', 'P0096', 'P0095', 'P0094', 'P0093', 'P0092', 'P0091', 'P0090', 'P0089', 'P0088', 'P0087', 'P0085', 'P0082', 'P0076', 'P0075', 'P0052', 'P0005']",224369.14,391.34,0.72
7,7,"[0, 117, 116, 115, 55]","['P0113', 'P0112', 'P0111', 'P0051']",18539.75,24.69,0.05
8,8,"[0, 135, 134, 133, 132, 131, 129, 128, 127, 126, 125, 124, 123, 122, 121, 120, 119, 118, 110, 68]","['P0131', 'P0130', 'P0129', 'P0128', 'P0127', 'P0125', 'P0124', 'P0123', 'P0122', 'P0121', 'P0120', 'P0119', 'P0118', 'P0117', 'P0116', 'P0115', 'P0114', 'P0106', 'P0064']",115094.18,350.17,0.65
9,9,"[0, 142, 141, 140, 139, 138, 137, 136, 130, 4, 3, 2, 1]","['P0138', 'P0137', 'P0136', 'P0135', 'P0134', 'P0133', 'P0132', 'P0126']",129550.38,226.04,0.42
